episodio,seed,wall_s,global_step,epsilon,retorno,perda_media,chegadas,trocas_forcadas
1,210,153.0,0,0.2,-118497.0,,2340,0
2,204,187.4,0,0.2,-46626.0,,3303,0
3,212,232.8,81,0.1992,-146751.0,14.08262,2161,0
4,220,272.3,441,0.1958,-21545.0,10.47499,3575,0
5,201,308.8,801,0.1924,-22547.0,8.85642,3537,0
6,202,351.7,1161,0.189,-19466.0,8.03091,3498,0
7,217,394.8,1521,0.1856,-18899.0,6.17724,3530,0
8,203,442.0,1881,0.1821,-19599.0,5.626,3534,0
9,211,499.6,2241,0.1787,-18869.0,5.78075,3433,0
10,209,556.9,2601,0.1753,-17504.0,5.13463,3484,0
11,200,769.7,2961,0.1719,-18445.0,4.80215,3478,0
12,208,827.8,3321,0.1685,-17880.0,5.16631,3420,0
13,216,886.1,3681,0.165,-16826.0,4.79482,3537,0
14,213,934.0,4041,0.1616,-16268.0,4.77577,3540,0
15,219,976.9,4401,0.1582,-16788.0,4.84784,3434,0
16,206,1019.2,4761,0.1548,-16830.0,4.65501,3501,0
17,221,1082.2,5121,0.1514,-16313.0,4.70669,3513,0
18,223,1160.5,5481,0.1479,-16944.0,4.72395,3538,0
19,214,1222.8,5841,0.1445,-16360.0,4.55675,3561,0
20,207,1280.9,6201,0.1411,-15441.0,4.67574,3500,0
21,215,1494.5,6561,0.1377,-16749.0,4.60015,3587,0
22,222,1554.7,6921,0.1343,-16307.0,4.50829,3516,0
23,218,1612.7,7281,0.1308,-15917.0,4.657,3517,0
24,205,1665.7,7641,0.1274,-15867.0,4.5608,3437,0
25,207,1707.0,8001,0.124,-15703.0,4.41493,3497,0
26,220,1746.3,8361,0.1206,-16057.0,4.59192,3595,0
27,222,1796.5,8721,0.1172,-16151.0,4.45587,3520,0
28,218,1861.0,9081,0.1137,-15728.0,4.48398,3509,0
29,201,1927.6,9441,0.1103,-16807.0,4.57325,3569,0
30,221,1991.1,9801,0.1069,-16146.0,4.4415,3505,0
31,212,2194.3,10161,0.1035,-15944.0,4.52674,3624,0
32,219,2254.5,10521,0.1001,-15037.0,4.52808,3450,0
33,223,2322.8,10881,0.0966,-16103.0,4.40012,3541,0
34,200,2384.4,11241,0.0932,-15546.0,4.49949,3485,0
35,208,2437.6,11601,0.0898,-14714.0,4.45583,3432,0
36,202,2482.6,11961,0.0864,-15322.0,4.37043,3500,0
37,204,2523.6,12321,0.083,-15743.0,4.47814,3599,0
38,206,2571.2,12681,0.0795,-15201.0,4.4435,3503,0
39,217,2631.8,13041,0.0761,-15210.0,4.3826,3545,0
40,213,2691.6,13401,0.0727,-15479.0,4.42747,3559,0
41,216,2883.1,13761,0.0693,-15476.0,4.37394,3537,0
42,211,2915.6,14121,0.0659,-14541.0,4.4265,3435,0
43,209,2949.1,14481,0.0624,-15691.0,4.4065,3507,0
44,210,2983.2,14841,0.059,-14698.0,4.40875,3493,0
45,215,3015.9,15201,0.0556,-15356.0,4.43569,3583,0
46,214,3053.0,15561,0.0522,-15370.0,4.44119,3581,0
47,205,3085.6,15921,0.0488,-14948.0,4.42428,3449,0
48,203,3118.6,16281,0.0453,-15249.0,4.44049,3553,0
49,211,3151.9,16641,0.0419,-14559.0,4.40096,3446,0
50,203,3184.9,17001,0.0385,-15537.0,4.29952,3554,0
51,217,3341.7,17361,0.0351,-15242.0,4.49552,3545,0
52,202,3375.4,17721,0.0317,-15297.0,4.3676,3501,0
53,218,3409.4,18081,0.0282,-15110.0,4.3503,3528,0
54,201,3450.3,18441,0.0248,-16077.0,4.45884,3565,0
55,206,3490.4,18801,0.0214,-15249.0,4.39421,3509,0
56,215,3528.4,19161,0.018,-15259.0,4.43716,3593,0
57,213,3563.7,19521,0.0146,-15618.0,4.34917,3553,0
58,212,3602.6,19881,0.0111,-15331.0,4.4241,3624,0
59,205,3640.9,20241,0.01,-15031.0,4.34508,3448,0
60,207,3678.4,20601,0.01,-14785.0,4.26389,3503,0
61,209,3848.3,20961,0.01,-15255.0,4.21768,3505,0
62,214,3886.0,21321,0.01,-15485.0,4.34508,3582,0
63,216,3923.7,21681,0.01,-14617.0,4.24624,3547,0
64,204,3962.3,22041,0.01,-15441.0,4.17099,3593,0
65,222,4000.8,22401,0.01,-14985.0,4.3014,3528,0
66,221,4036.5,22761,0.01,-15372.0,4.26877,3507,0
67,219,4069.6,23121,0.01,-14806.0,4.26533,3452,0
68,223,4104.0,23481,0.01,-15861.0,4.19599,3548,0
69,200,4138.0,23841,0.01,-15380.0,4.16187,3483,0
70,220,4172.1,24201,0.01,-15665.0,4.17451,3598,0
71,208,4330.0,24561,0.01,-14557.0,4.14348,3427,0
72,210,4365.5,24921,0.01,-15249.0,4.1602,3498,0
73,216,4399.8,25281,0.01,-15304.0,4.26913,3544,0
74,215,4433.2,25641,0.01,-15891.0,4.13891,3590,0
75,210,4466.4,26001,0.01,-14584.0,4.16566,3502,0
76,214,4500.0,26361,0.01,-15378.0,4.20642,3580,0
77,209,4533.5,26721,0.01,-14854.0,4.20143,3516,0
78,202,4567.4,27081,0.01,-15061.0,4.18104,3489,0
79,203,4603.1,27441,0.01,-15496.0,4.17767,3553,0
80,223,4637.6,27801,0.01,-15782.0,4.14367,3543,0
81,213,4794.8,28161,0.01,-14703.0,4.04667,3556,0
82,218,4830.2,28521,0.01,-15078.0,4.1145,3521,0
83,212,4865.0,28881,0.01,-15944.0,4.04895,3617,0
84,205,4901.9,29241,0.01,-14787.0,4.15714,3438,0
85,220,4936.7,29601,0.01,-15075.0,4.10917,3606,0
86,207,4972.1,29961,0.01,-13976.0,4.14264,3496,0
87,206,5006.8,30321,0.01,-14701.0,4.05512,3517,0
88,200,5043.7,30681,0.01,-15283.0,4.01384,3496,0
89,201,5083.6,31041,0.01,-15639.0,4.00633,3580,0
90,219,5120.4,31401,0.01,-14397.0,4.03082,3448,0
91,204,5297.1,31761,0.01,-15277.0,4.08257,3607,0
92,222,5335.2,32121,0.01,-14886.0,4.10866,3528,0
93,211,5372.8,32481,0.01,-13979.0,4.07924,3438,0
94,221,5413.8,32841,0.01,-14844.0,4.1478,3511,0
95,217,5456.7,33201,0.01,-14448.0,4.04381,3543,0
96,208,5496.2,33561,0.01,-13924.0,4.04649,3426,0
97,219,5533.3,33921,0.01,-14498.0,4.07255,3442,0
98,215,5572.4,34281,0.01,-15174.0,4.08382,3590,0
99,218,5609.4,34641,0.01,-14654.0,4.04529,3529,0
100,214,5642.8,35001,0.01,-15040.0,4.07821,3583,0
101,202,5811.5,35361,0.01,-15200.0,4.12426,3494,0
102,223,5848.3,35721,0.01,-15016.0,4.07271,3542,0
103,208,5886.1,36081,0.01,-14166.0,4.11688,3422,0
104,222,5922.0,36441,0.01,-14846.0,4.11175,3523,0
105,221,5955.7,36801,0.01,-14507.0,4.04149,3506,0
106,200,5988.4,37161,0.01,-14865.0,3.95856,3494,0
107,211,6021.3,37521,0.01,-14493.0,4.02086,3439,0
108,213,6053.5,37881,0.01,-14883.0,4.00818,3554,0
109,204,6086.6,38241,0.01,-15351.0,4.01711,3610,0
110,210,6119.4,38601,0.01,-14723.0,4.08818,3502,0
111,209,6274.6,38961,0.01,-14568.0,4.01502,3516,0
112,207,6307.7,39321,0.01,-14138.0,4.01047,3502,0
113,212,6341.8,39681,0.01,-14938.0,4.0849,3626,0
114,205,6374.3,40041,0.01,-13714.0,4.00279,3443,0
115,203,6407.2,40401,0.01,-14722.0,4.01627,3555,0
116,216,6439.8,40761,0.01,-14104.0,3.9964,3544,0
117,220,6473.0,41121,0.01,-15076.0,3.97179,3605,0
118,201,6505.9,41481,0.01,-15457.0,4.11116,3586,0
119,217,6539.5,41841,0.01,-14362.0,3.97728,3553,0
120,206,6574.3,42201,0.01,-14906.0,4.06271,3507,0
121,205,6727.1,42561,0.01,-13878.0,3.93899,3445,0
122,219,6761.5,42921,0.01,-14585.0,4.01806,3445,0
123,203,6794.5,43281,0.01,-14593.0,3.98072,3547,0
124,215,6827.2,43641,0.01,-14732.0,3.89429,3597,0
125,201,6860.5,44001,0.01,-14307.0,3.87102,3575,0
126,206,6893.8,44361,0.01,-14470.0,3.9753,3519,0
127,209,6927.2,44721,0.01,-14089.0,3.84225,3515,0
128,204,6959.6,45081,0.01,-14590.0,4.0284,3602,0
129,207,6993.1,45441,0.01,-14313.0,3.99599,3507,0
130,218,7026.0,45801,0.01,-14174.0,3.95511,3524,0
131,214,7180.1,46161,0.01,-14650.0,3.90183,3585,0
132,220,7214.6,46521,0.01,-14364.0,4.01397,3598,0
133,222,7248.5,46881,0.01,-14290.0,4.00971,3524,0
134,202,7282.0,47241,0.01,-14326.0,3.94561,3503,0
135,212,7316.9,47601,0.01,-15139.0,3.88412,3623,0
136,213,7354.0,47961,0.01,-14540.0,3.9349,3552,0
137,216,7389.1,48321,0.01,-13924.0,4.0028,3554,0
138,211,7422.4,48681,0.01,-13812.0,3.92348,3440,0
139,221,7456.3,49041,0.01,-14314.0,3.88902,3514,0
140,217,7490.0,49401,0.01,-14857.0,3.74564,3546,0
141,210,7643.0,49761,0.01,-13964.0,3.50706,3502,0
142,223,7676.4,50121,0.01,-15044.0,3.25373,3549,0
143,208,7710.0,50481,0.01,-14005.0,3.07255,3428,0
144,200,7742.8,50841,0.01,-14427.0,3.05297,3499,0
145,211,7776.5,51201,0.01,-14028.0,2.99895,3439,0
146,221,7809.6,51561,0.01,-14449.0,2.95508,3511,0
147,212,7843.2,51921,0.01,-14654.0,2.9276,3627,0
148,207,7876.5,52281,0.01,-13498.0,2.97678,3504,0
149,204,7910.3,52641,0.01,-14345.0,2.97054,3608,0
150,202,7943.8,53001,0.01,-14317.0,2.95358,3503,0
151,205,8093.3,53361,0.01,-14118.0,2.94212,3454,0
152,219,8126.0,53721,0.01,-13827.0,2.92552,3451,0
153,220,8158.3,54081,0.01,-14813.0,2.93633,3591,0
154,210,8191.1,54441,0.01,-13993.0,2.92804,3501,0
155,203,8223.1,54801,0.01,-14230.0,2.89934,3560,0
156,200,8256.1,55161,0.01,-14152.0,2.89746,3500,0
157,215,8288.3,55521,0.01,-14725.0,2.8802,3596,0
158,209,8321.8,55881,0.01,-14787.0,2.87726,3519,0
159,218,8354.3,56241,0.01,-14325.0,2.86989,3527,0
160,216,8387.7,56601,0.01,-13924.0,2.85099,3552,0
